Address_Hex,Address_Dec,Name,Active,Status
0x0500,1280,ÜG TA1,True,ACTIVE
0x0501,1281,ÜG TA2,True,ACTIVE
0x0502,1282,ÜG TA3,True,ACTIVE
0x0503,1283,ÜG TA4,True,ACTIVE
0x0504,1284,ÜG TA5,True,ACTIVE
0x0505,1285,ÜG TA6,True,ACTIVE
0x0506,1286,ÜG TA7,True,ACTIVE
0x0507,1287,ÜG TA8,True,ACTIVE
0x0508,1288,Relais 1,False,Inactive
0x0509,1289,Relais 2,False,Inactive
0x050A,1290,Relais 3,False,Inactive
0x050B,1291,OSG (Optischer Signalgeber),False,Inactive
0x050C,1292,ASG1 (Akustischer Signalgeber 1),False,Inactive
0x050D,1293,ASG2 (Akustischer Signalgeber 2),False,Inactive
0x050E,1294,Ausgang 0x050E,False,Inactive
0x050F,1295,Ausgang 0x050F,False,Inactive
0x0510,1296,Ausgang 0x0510,False,Inactive
0x0511,1297,Ausgang 0x0511,False,Inactive
0x0512,1298,Ausgang 0x0512,False,Inactive
0x0513,1299,Ausgang 0x0513,False,Inactive
0x0514,1300,Ausgang 0x0514,False,Inactive
0x0515,1301,Ausgang 0x0515,False,Inactive
0x0516,1302,Ausgang 0x0516,False,Inactive
0x0517,1303,Ausgang 0x0517,False,Inactive
0x0518,1304,Ausgang 0x0518,False,Inactive
0x0519,1305,Ausgang 0x0519,False,Inactive
0x051A,1306,Ausgang 0x051A,False,Inactive
0x051B,1307,Ausgang 0x051B,False,Inactive
0x051C,1308,Ausgang 0x051C,False,Inactive
0x051D,1309,Ausgang 0x051D,False,Inactive
0x051E,1310,Ausgang 0x051E,False,Inactive
0x051F,1311,Ausgang 0x051F,False,Inactive
0x0520,1312,Ausgang 0x0520,False,Inactive
0x0521,1313,Ausgang 0x0521,False,Inactive
0x0522,1314,Ausgang 0x0522,False,Inactive
0x0523,1315,Ausgang 0x0523,False,Inactive
0x0524,1316,Ausgang 0x0524,False,Inactive
0x0525,1317,Ausgang 0x0525,False,Inactive
0x0526,1318,Ausgang 0x0526,False,Inactive
0x0527,1319,Ausgang 0x0527,False,Inactive
0x0528,1320,Ausgang 0x0528,False,Inactive
0x0529,1321,Ausgang 0x0529,False,Inactive
0x052A,1322,Ausgang 0x052A,False,Inactive
0x052B,1323,Ausgang 0x052B,False,Inactive
0x052C,1324,Ausgang 0x052C,False,Inactive
0x052D,1325,Ausgang 0x052D,False,Inactive
0x052E,1326,Ausgang 0x052E,False,Inactive
0x052F,1327,Ausgang 0x052F,False,Inactive
0x0570,1392,Ausgang 0x0570,False,Inactive
0x0571,1393,Ausgang 0x0571,False,Inactive
0x0572,1394,Ausgang 0x0572,False,Inactive
0x0573,1395,Ausgang 0x0573,False,Inactive
0x0574,1396,Ausgang 0x0574,False,Inactive
0x0575,1397,Ausgang 0x0575,False,Inactive
0x0576,1398,Ausgang 0x0576,True,ACTIVE
0x0577,1399,Ausgang 0x0577,False,Inactive
0x0578,1400,Ausgang 0x0578,False,Inactive
0x0579,1401,Ausgang 0x0579,False,Inactive
0x057A,1402,Ausgang 0x057A,False,Inactive
0x057B,1403,Ausgang 0x057B,False,Inactive
0x057C,1404,Ausgang 0x057C,False,Inactive
0x057D,1405,Ausgang 0x057D,False,Inactive
0x057E,1406,Ausgang 0x057E,False,Inactive
0x057F,1407,Ausgang 0x057F,False,Inactive
0x0580,1408,Ausgang 0x0580,False,Inactive
0x0581,1409,Ausgang 0x0581,False,Inactive
0x0582,1410,Ausgang 0x0582,False,Inactive
0x0583,1411,Ausgang 0x0583,False,Inactive
0x0584,1412,Ausgang 0x0584,False,Inactive
0x0585,1413,Ausgang 0x0585,False,Inactive
0x0586,1414,Ausgang 0x0586,False,Inactive
0x0587,1415,Ausgang 0x0587,False,Inactive
0x0588,1416,Ausgang 0x0588,False,Inactive
0x0589,1417,Ausgang 0x0589,False,Inactive
0x058A,1418,Ausgang 0x058A,False,Inactive
0x058B,1419,Ausgang 0x058B,False,Inactive
0x058C,1420,Ausgang 0x058C,False,Inactive
0x058D,1421,Ausgang 0x058D,False,Inactive
0x058E,1422,Ausgang 0x058E,False,Inactive
0x058F,1423,Ausgang 0x058F,False,Inactive
0x0590,1424,Ausgang 0x0590,False,Inactive
0x0591,1425,Ausgang 0x0591,False,Inactive
0x0592,1426,Ausgang 0x0592,False,Inactive
0x0593,1427,Ausgang 0x0593,False,Inactive
0x0594,1428,Ausgang 0x0594,False,Inactive
0x0595,1429,Ausgang 0x0595,False,Inactive
0x0596,1430,Ausgang 0x0596,False,Inactive
0x0597,1431,Ausgang 0x0597,False,Inactive
0x0598,1432,Ausgang 0x0598,False,Inactive
0x0599,1433,Ausgang 0x0599,False,Inactive
0x059A,1434,Ausgang 0x059A,False,Inactive
0x059B,1435,Ausgang 0x059B,False,Inactive
0x059C,1436,Ausgang 0x059C,False,Inactive
0x059D,1437,Ausgang 0x059D,False,Inactive
0x059E,1438,Ausgang 0x059E,False,Inactive
0x059F,1439,Ausgang 0x059F,False,Inactive
0x05A0,1440,Ausgang 0x05A0,False,Inactive
0x05A1,1441,Ausgang 0x05A1,False,Inactive
0x05A2,1442,Ausgang 0x05A2,False,Inactive
0x05A3,1443,Ausgang 0x05A3,False,Inactive
0x05A4,1444,Ausgang 0x05A4,False,Inactive
0x05A5,1445,Ausgang 0x05A5,False,Inactive
0x05A6,1446,Ausgang 0x05A6,False,Inactive
0x05A7,1447,Ausgang 0x05A7,False,Inactive
0x05A8,1448,Ausgang 0x05A8,False,Inactive
0x05A9,1449,Ausgang 0x05A9,False,Inactive
0x05AA,1450,Ausgang 0x05AA,False,Inactive
0x05AB,1451,Ausgang 0x05AB,False,Inactive
0x05AC,1452,Ausgang 0x05AC,False,Inactive
0x05AD,1453,Ausgang 0x05AD,False,Inactive
0x05AE,1454,Ausgang 0x05AE,False,Inactive
0x05AF,1455,Ausgang 0x05AF,False,Inactive
0x05B0,1456,Ausgang 0x05B0,False,Inactive
0x05B1,1457,Ausgang 0x05B1,False,Inactive
0x05B2,1458,Ausgang 0x05B2,False,Inactive
0x05B3,1459,Ausgang 0x05B3,False,Inactive
0x05B4,1460,Ausgang 0x05B4,False,Inactive
0x05B5,1461,Ausgang 0x05B5,False,Inactive
0x05B6,1462,Ausgang 0x05B6,False,Inactive
0x05B7,1463,Ausgang 0x05B7,False,Inactive
0x05B8,1464,Ausgang 0x05B8,False,Inactive
0x05B9,1465,Ausgang 0x05B9,False,Inactive
0x05BA,1466,Ausgang 0x05BA,False,Inactive
0x05BB,1467,Ausgang 0x05BB,False,Inactive
0x05BC,1468,Ausgang 0x05BC,False,Inactive
0x05BD,1469,Ausgang 0x05BD,False,Inactive
0x05BE,1470,Ausgang 0x05BE,False,Inactive
0x05BF,1471,Ausgang 0x05BF,False,Inactive
0x05C0,1472,Ausgang 0x05C0,False,Inactive
0x05C1,1473,Ausgang 0x05C1,False,Inactive
0x05C2,1474,Ausgang 0x05C2,False,Inactive
0x05C3,1475,Ausgang 0x05C3,False,Inactive
0x05C4,1476,Ausgang 0x05C4,False,Inactive
0x05C5,1477,Ausgang 0x05C5,False,Inactive
0x05C6,1478,Ausgang 0x05C6,False,Inactive
0x05C7,1479,Ausgang 0x05C7,False,Inactive
0x05C8,1480,Ausgang 0x05C8,False,Inactive
0x05C9,1481,Ausgang 0x05C9,False,Inactive
0x05CA,1482,Ausgang 0x05CA,False,Inactive
0x05CB,1483,Ausgang 0x05CB,False,Inactive
0x05CC,1484,Ausgang 0x05CC,False,Inactive
0x05CD,1485,Ausgang 0x05CD,False,Inactive
0x05CE,1486,Ausgang 0x05CE,False,Inactive
0x05CF,1487,Ausgang 0x05CF,False,Inactive
0x05D0,1488,Ausgang 0x05D0,False,Inactive
0x05D1,1489,Ausgang 0x05D1,False,Inactive
0x05D2,1490,Ausgang 0x05D2,False,Inactive
0x05D3,1491,Ausgang 0x05D3,False,Inactive
0x05D4,1492,Ausgang 0x05D4,False,Inactive
0x05D5,1493,Ausgang 0x05D5,False,Inactive
0x05D6,1494,Ausgang 0x05D6,False,Inactive
0x05D7,1495,Ausgang 0x05D7,False,Inactive
0x05D8,1496,Ausgang 0x05D8,False,Inactive
0x05D9,1497,Ausgang 0x05D9,False,Inactive
0x05DA,1498,Ausgang 0x05DA,False,Inactive
0x05DB,1499,Ausgang 0x05DB,False,Inactive
0x05DC,1500,Ausgang 0x05DC,False,Inactive
0x05DD,1501,Ausgang 0x05DD,False,Inactive
0x05DE,1502,Ausgang 0x05DE,False,Inactive
0x05DF,1503,Ausgang 0x05DF,False,Inactive
0x05E0,1504,Ausgang 0x05E0,False,Inactive
0x05E1,1505,Ausgang 0x05E1,False,Inactive
0x05E2,1506,Ausgang 0x05E2,False,Inactive
0x05E3,1507,Ausgang 0x05E3,False,Inactive
0x05E4,1508,Ausgang 0x05E4,False,Inactive
0x05E5,1509,Ausgang 0x05E5,False,Inactive
0x05E6,1510,Ausgang 0x05E6,False,Inactive
0x05E7,1511,Ausgang 0x05E7,False,Inactive
0x05E8,1512,Ausgang 0x05E8,False,Inactive
0x05E9,1513,Ausgang 0x05E9,False,Inactive
0x05EA,1514,Ausgang 0x05EA,False,Inactive
0x05EB,1515,Ausgang 0x05EB,False,Inactive
0x05EC,1516,Ausgang 0x05EC,False,Inactive
0x05ED,1517,Ausgang 0x05ED,False,Inactive
0x05EE,1518,Ausgang 0x05EE,False,Inactive
0x05EF,1519,Ausgang 0x05EF,False,Inactive
0x05F0,1520,Ausgang 0x05F0,False,Inactive
0x05F1,1521,Ausgang 0x05F1,False,Inactive
0x05F2,1522,Ausgang 0x05F2,False,Inactive
0x05F3,1523,Ausgang 0x05F3,False,Inactive
0x05F4,1524,Ausgang 0x05F4,False,Inactive
0x05F5,1525,Ausgang 0x05F5,False,Inactive
0x05F6,1526,Ausgang 0x05F6,False,Inactive
0x05F7,1527,Ausgang 0x05F7,False,Inactive
0x05F8,1528,Ausgang 0x05F8,True,ACTIVE
0x05F9,1529,Ausgang 0x05F9,False,Inactive
0x05FA,1530,Ausgang 0x05FA,False,Inactive
0x05FB,1531,Ausgang 0x05FB,False,Inactive
0x05FC,1532,Ausgang 0x05FC,False,Inactive
0x05FD,1533,Ausgang 0x05FD,False,Inactive
0x05FE,1534,Ausgang 0x05FE,True,ACTIVE
0x05FF,1535,Ausgang 0x05FF,False,Inactive
0x0600,1536,Ausgang 0x0600,False,Inactive
0x0601,1537,Ausgang 0x0601,False,Inactive
0x0602,1538,Ausgang 0x0602,False,Inactive
0x0603,1539,Ausgang 0x0603,False,Inactive
0x0604,1540,Ausgang 0x0604,False,Inactive
0x0605,1541,Ausgang 0x0605,False,Inactive
0x0606,1542,Ausgang 0x0606,False,Inactive
0x0607,1543,Ausgang 0x0607,False,Inactive
0x0608,1544,Ausgang 0x0608,False,Inactive
0x0609,1545,Ausgang 0x0609,False,Inactive
0x060A,1546,Ausgang 0x060A,False,Inactive
0x060B,1547,Ausgang 0x060B,False,Inactive
0x060C,1548,Ausgang 0x060C,False,Inactive
0x060D,1549,Ausgang 0x060D,False,Inactive
0x060E,1550,Ausgang 0x060E,False,Inactive
0x060F,1551,Ausgang 0x060F,False,Inactive
0x0610,1552,Ausgang 0x0610,False,Inactive
0x0611,1553,Ausgang 0x0611,False,Inactive
0x0612,1554,Ausgang 0x0612,False,Inactive
0x0613,1555,Ausgang 0x0613,False,Inactive
0x0614,1556,Ausgang 0x0614,False,Inactive
0x0615,1557,Ausgang 0x0615,False,Inactive
0x0616,1558,Ausgang 0x0616,False,Inactive
0x0617,1559,Ausgang 0x0617,False,Inactive
0x0618,1560,Ausgang 0x0618,False,Inactive
0x0619,1561,Ausgang 0x0619,False,Inactive
0x061A,1562,Ausgang 0x061A,False,Inactive
0x061B,1563,Ausgang 0x061B,False,Inactive
0x061C,1564,Ausgang 0x061C,False,Inactive
0x061D,1565,Ausgang 0x061D,False,Inactive
0x061E,1566,Ausgang 0x061E,False,Inactive
0x061F,1567,Ausgang 0x061F,False,Inactive
0x0620,1568,Ausgang 0x0620,False,Inactive
0x0621,1569,Ausgang 0x0621,False,Inactive
0x0622,1570,Ausgang 0x0622,False,Inactive
0x0623,1571,Ausgang 0x0623,False,Inactive
0x0624,1572,Ausgang 0x0624,False,Inactive
0x0625,1573,Ausgang 0x0625,False,Inactive
0x0626,1574,Ausgang 0x0626,False,Inactive
0x0627,1575,Ausgang 0x0627,False,Inactive
0x0628,1576,Ausgang 0x0628,False,Inactive
0x0629,1577,Ausgang 0x0629,False,Inactive
0x062A,1578,Ausgang 0x062A,False,Inactive
0x062B,1579,Ausgang 0x062B,False,Inactive
0x062C,1580,Ausgang 0x062C,False,Inactive
0x062D,1581,Ausgang 0x062D,False,Inactive
0x062E,1582,Ausgang 0x062E,False,Inactive
0x062F,1583,Ausgang 0x062F,False,Inactive
0x0630,1584,Ausgang 0x0630,False,Inactive
0x0631,1585,Ausgang 0x0631,False,Inactive
0x0632,1586,Ausgang 0x0632,False,Inactive
0x0633,1587,Ausgang 0x0633,False,Inactive
0x0634,1588,Ausgang 0x0634,False,Inactive
0x0635,1589,Ausgang 0x0635,False,Inactive
0x0636,1590,Ausgang 0x0636,False,Inactive
0x0637,1591,Ausgang 0x0637,False,Inactive
0x0638,1592,Ausgang 0x0638,False,Inactive
0x0639,1593,Ausgang 0x0639,False,Inactive
0x063A,1594,Ausgang 0x063A,False,Inactive
0x063B,1595,Ausgang 0x063B,False,Inactive
0x063C,1596,Ausgang 0x063C,False,Inactive
0x063D,1597,Ausgang 0x063D,False,Inactive
0x063E,1598,Ausgang 0x063E,False,Inactive
0x063F,1599,Ausgang 0x063F,False,Inactive
0x0640,1600,Ausgang 0x0640,False,Inactive
0x0641,1601,Ausgang 0x0641,False,Inactive
0x0642,1602,Ausgang 0x0642,False,Inactive
0x0643,1603,Ausgang 0x0643,False,Inactive
0x0644,1604,Ausgang 0x0644,False,Inactive
0x0645,1605,Ausgang 0x0645,False,Inactive
0x0646,1606,Ausgang 0x0646,False,Inactive
0x0647,1607,Ausgang 0x0647,False,Inactive
0x0648,1608,Ausgang 0x0648,False,Inactive
0x0649,1609,Ausgang 0x0649,False,Inactive
0x064A,1610,Ausgang 0x064A,False,Inactive
0x064B,1611,Ausgang 0x064B,False,Inactive
0x064C,1612,Ausgang 0x064C,False,Inactive
0x064D,1613,Ausgang 0x064D,False,Inactive
0x064E,1614,Ausgang 0x064E,False,Inactive
0x064F,1615,Ausgang 0x064F,False,Inactive
0x0650,1616,Ausgang 0x0650,False,Inactive
0x0651,1617,Ausgang 0x0651,False,Inactive
0x0652,1618,Ausgang 0x0652,False,Inactive
0x0653,1619,Ausgang 0x0653,False,Inactive
0x0654,1620,Ausgang 0x0654,False,Inactive
0x0655,1621,Ausgang 0x0655,False,Inactive
0x0656,1622,Ausgang 0x0656,False,Inactive
0x0657,1623,Ausgang 0x0657,False,Inactive
0x0658,1624,Ausgang 0x0658,False,Inactive
0x0659,1625,Ausgang 0x0659,False,Inactive
0x065A,1626,Ausgang 0x065A,False,Inactive
0x065B,1627,Ausgang 0x065B,False,Inactive
0x065C,1628,Ausgang 0x065C,False,Inactive
0x065D,1629,Ausgang 0x065D,False,Inactive
0x065E,1630,Ausgang 0x065E,False,Inactive
0x065F,1631,Ausgang 0x065F,False,Inactive
0x0660,1632,Ausgang 0x0660,False,Inactive
0x0661,1633,Ausgang 0x0661,False,Inactive
0x0662,1634,Ausgang 0x0662,False,Inactive
0x0663,1635,Ausgang 0x0663,False,Inactive
0x0664,1636,Ausgang 0x0664,False,Inactive
0x0665,1637,Ausgang 0x0665,False,Inactive
0x0666,1638,Ausgang 0x0666,False,Inactive
0x0667,1639,Ausgang 0x0667,False,Inactive
0x0668,1640,Ausgang 0x0668,False,Inactive
0x0669,1641,Ausgang 0x0669,False,Inactive
0x066A,1642,Ausgang 0x066A,False,Inactive
0x066B,1643,Ausgang 0x066B,False,Inactive
0x066C,1644,Ausgang 0x066C,False,Inactive
0x066D,1645,Ausgang 0x066D,False,Inactive
0x066E,1646,Ausgang 0x066E,False,Inactive
0x066F,1647,Ausgang 0x066F,False,Inactive
0x0670,1648,Ausgang 0x0670,False,Inactive
0x0671,1649,Ausgang 0x0671,False,Inactive
0x0672,1650,Ausgang 0x0672,False,Inactive
0x0673,1651,Ausgang 0x0673,False,Inactive
0x0674,1652,Ausgang 0x0674,False,Inactive
0x0675,1653,Ausgang 0x0675,False,Inactive
0x0676,1654,Ausgang 0x0676,False,Inactive
0x0677,1655,Ausgang 0x0677,False,Inactive
0x0678,1656,Ausgang 0x0678,False,Inactive
0x0679,1657,Ausgang 0x0679,False,Inactive
0x067A,1658,Ausgang 0x067A,False,Inactive
0x067B,1659,Ausgang 0x067B,False,Inactive
0x067C,1660,Ausgang 0x067C,False,Inactive
0x067D,1661,Ausgang 0x067D,False,Inactive
0x067E,1662,Ausgang 0x067E,False,Inactive
0x067F,1663,Ausgang 0x067F,False,Inactive
0x0680,1664,Ausgang 0x0680,False,Inactive
0x0681,1665,Ausgang 0x0681,False,Inactive
0x0682,1666,Ausgang 0x0682,False,Inactive
0x0683,1667,Ausgang 0x0683,False,Inactive
0x0684,1668,Ausgang 0x0684,False,Inactive
0x0685,1669,Ausgang 0x0685,False,Inactive
0x0686,1670,Ausgang 0x0686,False,Inactive
0x0687,1671,Ausgang 0x0687,False,Inactive
0x0688,1672,Ausgang 0x0688,False,Inactive
0x0689,1673,Ausgang 0x0689,False,Inactive
0x068A,1674,Ausgang 0x068A,False,Inactive
0x068B,1675,Ausgang 0x068B,False,Inactive
0x068C,1676,Ausgang 0x068C,False,Inactive
0x068D,1677,Ausgang 0x068D,False,Inactive
0x068E,1678,Ausgang 0x068E,False,Inactive
0x068F,1679,Ausgang 0x068F,False,Inactive
0x0690,1680,Ausgang 0x0690,False,Inactive
0x0691,1681,Ausgang 0x0691,False,Inactive
0x0692,1682,Ausgang 0x0692,False,Inactive
0x0693,1683,Ausgang 0x0693,False,Inactive
0x0694,1684,Ausgang 0x0694,False,Inactive
0x0695,1685,Ausgang 0x0695,False,Inactive
0x0696,1686,Ausgang 0x0696,False,Inactive
0x0697,1687,Ausgang 0x0697,False,Inactive
0x0698,1688,Ausgang 0x0698,False,Inactive
0x0699,1689,Ausgang 0x0699,False,Inactive
0x069A,1690,Ausgang 0x069A,False,Inactive
0x069B,1691,Ausgang 0x069B,False,Inactive
0x069C,1692,Ausgang 0x069C,False,Inactive
0x069D,1693,Ausgang 0x069D,False,Inactive
0x069E,1694,Ausgang 0x069E,False,Inactive
0x069F,1695,Ausgang 0x069F,False,Inactive
0x06A0,1696,Ausgang 0x06A0,False,Inactive
0x06A1,1697,Ausgang 0x06A1,False,Inactive
0x06A2,1698,Ausgang 0x06A2,False,Inactive
0x06A3,1699,Ausgang 0x06A3,False,Inactive
0x06A4,1700,Ausgang 0x06A4,False,Inactive
0x06A5,1701,Ausgang 0x06A5,False,Inactive
0x06A6,1702,Ausgang 0x06A6,False,Inactive
0x06A7,1703,Ausgang 0x06A7,False,Inactive
0x06A8,1704,Ausgang 0x06A8,False,Inactive
0x06A9,1705,Ausgang 0x06A9,False,Inactive
0x06AA,1706,Ausgang 0x06AA,False,Inactive
0x06AB,1707,Ausgang 0x06AB,False,Inactive
0x06AC,1708,Ausgang 0x06AC,False,Inactive
0x06AD,1709,Ausgang 0x06AD,False,Inactive
0x06AE,1710,Ausgang 0x06AE,False,Inactive
0x06AF,1711,Ausgang 0x06AF,False,Inactive
0x06B0,1712,Ausgang 0x06B0,False,Inactive
0x06B1,1713,Ausgang 0x06B1,False,Inactive
0x06B2,1714,Ausgang 0x06B2,False,Inactive
0x06B3,1715,Ausgang 0x06B3,False,Inactive
0x06B4,1716,Ausgang 0x06B4,False,Inactive
0x06B5,1717,Ausgang 0x06B5,False,Inactive
0x06B6,1718,Ausgang 0x06B6,False,Inactive
0x06B7,1719,Ausgang 0x06B7,False,Inactive
0x06B8,1720,Ausgang 0x06B8,False,Inactive
0x06B9,1721,Ausgang 0x06B9,False,Inactive
0x06BA,1722,Ausgang 0x06BA,False,Inactive
0x06BB,1723,Ausgang 0x06BB,False,Inactive
0x06BC,1724,Ausgang 0x06BC,False,Inactive
0x06BD,1725,Ausgang 0x06BD,False,Inactive
0x06BE,1726,Ausgang 0x06BE,False,Inactive
0x06BF,1727,Ausgang 0x06BF,False,Inactive
0x06C0,1728,Ausgang 0x06C0,False,Inactive
0x06C1,1729,Ausgang 0x06C1,False,Inactive
0x06C2,1730,Ausgang 0x06C2,False,Inactive
0x06C3,1731,Ausgang 0x06C3,False,Inactive
0x06C4,1732,Ausgang 0x06C4,False,Inactive
0x06C5,1733,Ausgang 0x06C5,False,Inactive
0x06C6,1734,Ausgang 0x06C6,False,Inactive
0x06C7,1735,Ausgang 0x06C7,False,Inactive
0x06C8,1736,Ausgang 0x06C8,False,Inactive
0x06C9,1737,Ausgang 0x06C9,False,Inactive
0x06CA,1738,Ausgang 0x06CA,False,Inactive
0x06CB,1739,Ausgang 0x06CB,False,Inactive
0x06CC,1740,Ausgang 0x06CC,False,Inactive
0x06CD,1741,Ausgang 0x06CD,False,Inactive
0x06CE,1742,Ausgang 0x06CE,False,Inactive
0x06CF,1743,Ausgang 0x06CF,False,Inactive
0x06D0,1744,Ausgang 0x06D0,False,Inactive
0x06D1,1745,Ausgang 0x06D1,False,Inactive
0x06D2,1746,Ausgang 0x06D2,False,Inactive
0x06D3,1747,Ausgang 0x06D3,False,Inactive
0x06D4,1748,Ausgang 0x06D4,False,Inactive
0x06D5,1749,Ausgang 0x06D5,False,Inactive
0x06D6,1750,Ausgang 0x06D6,False,Inactive
0x06D7,1751,Ausgang 0x06D7,False,Inactive
0x06D8,1752,Ausgang 0x06D8,False,Inactive
0x06D9,1753,Ausgang 0x06D9,False,Inactive
0x06DA,1754,Ausgang 0x06DA,False,Inactive
0x06DB,1755,Ausgang 0x06DB,False,Inactive
0x06DC,1756,Ausgang 0x06DC,False,Inactive
0x06DD,1757,Ausgang 0x06DD,False,Inactive
0x06DE,1758,Ausgang 0x06DE,False,Inactive
0x06DF,1759,Ausgang 0x06DF,False,Inactive
0x06E0,1760,Ausgang 0x06E0,False,Inactive
0x06E1,1761,Ausgang 0x06E1,False,Inactive
0x06E2,1762,Ausgang 0x06E2,False,Inactive
0x06E3,1763,Ausgang 0x06E3,False,Inactive
0x06E4,1764,Ausgang 0x06E4,False,Inactive
0x06E5,1765,Ausgang 0x06E5,False,Inactive
0x06E6,1766,Ausgang 0x06E6,False,Inactive
0x06E7,1767,Ausgang 0x06E7,False,Inactive
0x06E8,1768,Ausgang 0x06E8,False,Inactive
0x06E9,1769,Ausgang 0x06E9,False,Inactive
0x06EA,1770,Ausgang 0x06EA,False,Inactive
0x06EB,1771,Ausgang 0x06EB,False,Inactive
0x06EC,1772,Ausgang 0x06EC,False,Inactive
0x06ED,1773,Ausgang 0x06ED,False,Inactive
0x06EE,1774,Ausgang 0x06EE,False,Inactive
0x06EF,1775,Ausgang 0x06EF,False,Inactive
0x06F0,1776,Ausgang 0x06F0,False,Inactive
0x06F1,1777,Ausgang 0x06F1,False,Inactive
0x06F2,1778,Ausgang 0x06F2,False,Inactive
0x06F3,1779,Ausgang 0x06F3,False,Inactive
0x06F4,1780,Ausgang 0x06F4,False,Inactive
0x06F5,1781,Ausgang 0x06F5,False,Inactive
0x06F6,1782,Ausgang 0x06F6,False,Inactive
0x06F7,1783,Ausgang 0x06F7,False,Inactive
0x06F8,1784,Ausgang 0x06F8,False,Inactive
0x06F9,1785,Ausgang 0x06F9,False,Inactive
0x06FA,1786,Ausgang 0x06FA,False,Inactive
0x06FB,1787,Ausgang 0x06FB,False,Inactive
0x06FC,1788,Ausgang 0x06FC,False,Inactive
0x06FD,1789,Ausgang 0x06FD,False,Inactive
0x06FE,1790,Ausgang 0x06FE,False,Inactive
0x06FF,1791,Ausgang 0x06FF,False,Inactive
0x0700,1792,Ausgang 0x0700,False,Inactive
0x0701,1793,Ausgang 0x0701,False,Inactive
0x0702,1794,Ausgang 0x0702,False,Inactive
0x0703,1795,Ausgang 0x0703,False,Inactive
0x0704,1796,Ausgang 0x0704,False,Inactive
0x0705,1797,Ausgang 0x0705,False,Inactive
0x0706,1798,Ausgang 0x0706,False,Inactive
0x0707,1799,Ausgang 0x0707,False,Inactive
0x0708,1800,Ausgang 0x0708,False,Inactive
0x0709,1801,Ausgang 0x0709,False,Inactive
0x070A,1802,Ausgang 0x070A,False,Inactive
0x070B,1803,Ausgang 0x070B,False,Inactive
0x070C,1804,Ausgang 0x070C,False,Inactive
0x070D,1805,Ausgang 0x070D,False,Inactive
0x070E,1806,Ausgang 0x070E,False,Inactive
0x070F,1807,Ausgang 0x070F,False,Inactive
0x0710,1808,Ausgang 0x0710,False,Inactive
0x0711,1809,Ausgang 0x0711,False,Inactive
0x0712,1810,Ausgang 0x0712,False,Inactive
0x0713,1811,Ausgang 0x0713,False,Inactive
0x0714,1812,Ausgang 0x0714,False,Inactive
0x0715,1813,Ausgang 0x0715,False,Inactive
0x0716,1814,Ausgang 0x0716,False,Inactive
0x0717,1815,Ausgang 0x0717,False,Inactive
0x0718,1816,Ausgang 0x0718,False,Inactive
0x0719,1817,Ausgang 0x0719,False,Inactive
0x071A,1818,Ausgang 0x071A,False,Inactive
0x071B,1819,Ausgang 0x071B,False,Inactive
0x071C,1820,Ausgang 0x071C,False,Inactive
0x071D,1821,Ausgang 0x071D,False,Inactive
0x071E,1822,Ausgang 0x071E,False,Inactive
0x071F,1823,Ausgang 0x071F,False,Inactive
0x0720,1824,Ausgang 0x0720,False,Inactive
0x0721,1825,Ausgang 0x0721,False,Inactive
0x0722,1826,Ausgang 0x0722,False,Inactive
0x0723,1827,Ausgang 0x0723,False,Inactive
0x0724,1828,Ausgang 0x0724,False,Inactive
0x0725,1829,Ausgang 0x0725,False,Inactive
0x0726,1830,Ausgang 0x0726,False,Inactive
0x0727,1831,Ausgang 0x0727,False,Inactive
0x0728,1832,Ausgang 0x0728,False,Inactive
0x0729,1833,Ausgang 0x0729,False,Inactive
0x072A,1834,Ausgang 0x072A,False,Inactive
0x072B,1835,Ausgang 0x072B,False,Inactive
0x072C,1836,Ausgang 0x072C,False,Inactive
0x072D,1837,Ausgang 0x072D,False,Inactive
0x072E,1838,Ausgang 0x072E,False,Inactive
0x072F,1839,Ausgang 0x072F,False,Inactive
0x0730,1840,Ausgang 0x0730,False,Inactive
0x0731,1841,Ausgang 0x0731,False,Inactive
0x0732,1842,Ausgang 0x0732,False,Inactive
0x0733,1843,Ausgang 0x0733,False,Inactive
0x0734,1844,Ausgang 0x0734,False,Inactive
0x0735,1845,Ausgang 0x0735,False,Inactive
0x0736,1846,Ausgang 0x0736,False,Inactive
0x0737,1847,Ausgang 0x0737,False,Inactive
0x0738,1848,Ausgang 0x0738,False,Inactive
0x0739,1849,Ausgang 0x0739,False,Inactive
0x073A,1850,Ausgang 0x073A,False,Inactive
0x073B,1851,Ausgang 0x073B,False,Inactive
0x073C,1852,Ausgang 0x073C,False,Inactive
0x073D,1853,Ausgang 0x073D,False,Inactive
0x073E,1854,Ausgang 0x073E,False,Inactive
0x073F,1855,Ausgang 0x073F,False,Inactive
0x0740,1856,Ausgang 0x0740,False,Inactive
0x0741,1857,Ausgang 0x0741,False,Inactive
0x0742,1858,Ausgang 0x0742,False,Inactive
0x0743,1859,Ausgang 0x0743,False,Inactive
0x0744,1860,Ausgang 0x0744,False,Inactive
0x0745,1861,Ausgang 0x0745,False,Inactive
0x0746,1862,Ausgang 0x0746,False,Inactive
0x0747,1863,Ausgang 0x0747,False,Inactive
0x0748,1864,Ausgang 0x0748,False,Inactive
0x0749,1865,Ausgang 0x0749,False,Inactive
0x074A,1866,Ausgang 0x074A,False,Inactive
0x074B,1867,Ausgang 0x074B,False,Inactive
0x074C,1868,Ausgang 0x074C,False,Inactive
0x074D,1869,Ausgang 0x074D,False,Inactive
0x074E,1870,Ausgang 0x074E,False,Inactive
0x074F,1871,Ausgang 0x074F,False,Inactive
0x0750,1872,Ausgang 0x0750,False,Inactive
0x0751,1873,Ausgang 0x0751,False,Inactive
0x0752,1874,Ausgang 0x0752,False,Inactive
0x0753,1875,Ausgang 0x0753,False,Inactive
0x0754,1876,Ausgang 0x0754,False,Inactive
0x0755,1877,Ausgang 0x0755,False,Inactive
0x0756,1878,Ausgang 0x0756,False,Inactive
0x0757,1879,Ausgang 0x0757,False,Inactive
0x0758,1880,Ausgang 0x0758,False,Inactive
0x0759,1881,Ausgang 0x0759,False,Inactive
0x075A,1882,Ausgang 0x075A,False,Inactive
0x075B,1883,Ausgang 0x075B,False,Inactive
0x075C,1884,Ausgang 0x075C,False,Inactive
0x075D,1885,Ausgang 0x075D,False,Inactive
0x075E,1886,Ausgang 0x075E,False,Inactive
0x075F,1887,Ausgang 0x075F,False,Inactive
0x0760,1888,Ausgang 0x0760,False,Inactive
0x0761,1889,Ausgang 0x0761,False,Inactive
0x0762,1890,Ausgang 0x0762,False,Inactive
0x0763,1891,Ausgang 0x0763,False,Inactive
0x0764,1892,Ausgang 0x0764,False,Inactive
0x0765,1893,Ausgang 0x0765,False,Inactive
0x0766,1894,Ausgang 0x0766,False,Inactive
0x0767,1895,Ausgang 0x0767,False,Inactive
0x0768,1896,Ausgang 0x0768,False,Inactive
0x0769,1897,Ausgang 0x0769,False,Inactive
0x076A,1898,Ausgang 0x076A,False,Inactive
0x076B,1899,Ausgang 0x076B,False,Inactive
0x076C,1900,Ausgang 0x076C,False,Inactive
0x076D,1901,Ausgang 0x076D,False,Inactive
0x076E,1902,Ausgang 0x076E,False,Inactive
0x076F,1903,Ausgang 0x076F,False,Inactive
0x0770,1904,Ausgang 0x0770,False,Inactive
0x0771,1905,Ausgang 0x0771,False,Inactive
0x0772,1906,Ausgang 0x0772,False,Inactive
0x0773,1907,Ausgang 0x0773,False,Inactive
0x0774,1908,Ausgang 0x0774,False,Inactive
0x0775,1909,Ausgang 0x0775,False,Inactive
0x0776,1910,Ausgang 0x0776,False,Inactive
0x0777,1911,Ausgang 0x0777,False,Inactive
